{"_runtime": 104158.90830469131, "SNR": 12.079460144042969, "val_loss": -8.799770427838027, "lr": 0.0005000000237487257, "_timestamp": 1581895841.432259, "Val_SNR": 8.799769401550293, "loss": -12.079219714918137, "UnSync-SNR-easy": 9.542335510253906, "_step": 10, "UnSync-SNR-hard": 7.635725975036621}
