{"Val_SNR": 7.629119873046875, "_step": 2, "SNR": 6.936635971069336, "_timestamp": 1579205334.909138, "val_loss": -7.629118782005563, "_runtime": 38213.09444475174, "loss": -6.936743120689262, "lr": 9.999999747378752e-05}
