{"Val_SNR": 14.489727973937988, "_step": 12, "SNR": 14.359853744506836, "_timestamp": 1579356937.2912197, "val_loss": -14.489729827602968, "_runtime": 189815.4765264988, "loss": -14.36028160437054, "lr": 9.999999747378752e-05}
