{"val_loss": -18.13267979723342, "SNR": 17.793853759765625, "_timestamp": 1579176107.568573, "_step": 15, "Val_SNR": 18.1326847076416, "lr": 9.999999747378752e-05, "_runtime": 193601.89353775978, "loss": -17.79385052433756}
