{"val_loss": 4.49574990272522, "Val_SNR": -4.495749473571777, "_timestamp": 1581316932.8682878, "lr": 9.999999747378752e-05, "loss": 5.008039474487305, "_runtime": 149.22288179397583, "SNR": -5.021045684814453, "_step": 3}
