{"_step": 0, "Val_SNR": 4.024017333984375, "val_loss": -4.024016636205798, "_runtime": 12282.703421115875, "lr": 9.999999747378752e-05, "_timestamp": 1578550604.842781, "loss": -1.7600888011035705, "SNR": 1.7601211071014404}
