{"_runtime": 2167.53031539917, "_timestamp": 1581694499.3817556, "lr": 0.0005000000237487257, "SNR": -2.870576858520508, "Val_SNR": -0.34656617045402527, "_step": 1, "loss": 2.8709052680431633, "val_loss": 0.3465662621337634, "UnSync-SNR-easy": -0.30330023169517517, "UnSync-SNR-hard": -1.0972799062728882}
