{"SNR": 3.260934829711914, "_runtime": 4042.973162174225, "_timestamp": 1581520515.8234448, "loss": -3.2606954426926373, "_step": 1, "lr": 0.0005000000237487257, "val_loss": NaN, "Val_SNR": NaN}
