{"val_loss": 50.066003940300554, "_runtime": 37111.73957276344, "lr": 9.999999747378752e-05, "_step": 2, "SNR": -50.09998321533203, "loss": 50.10017430543413, "_timestamp": 1579843088.658033, "Val_SNR": -50.06600570678711}
