{"loss": -5.029748675272465, "lr": 0.0005000000237487257, "val_loss": -4.789358374244439, "UnSync-SNR-hard": 4.204209804534912, "UnSync-SNR-easy": 4.8020339012146, "_runtime": 6414.700318098068, "_step": 2, "SNR": 5.03004264831543, "Val_SNR": 4.7893548011779785, "_timestamp": 1581948390.6460268}
