{"SNR": 5.825411319732666, "Val_SNR": 5.813469886779785, "loss": -5.825209209888362, "val_loss": -5.813469844128558, "lr": 9.999999747378752e-05, "_runtime": 77551.33945512772, "_step": 5, "_timestamp": 1579794389.3228407}
