{"val_loss": -3.7962849697324925, "lr": 0.0005000000237487257, "_step": 0, "SNR": 1.946036696434021, "loss": -1.9456673555193003, "_timestamp": 1581514373.7960002, "Val_SNR": 3.796285629272461, "_runtime": 2030.0181777477264}
