{"_timestamp": 1578982793.9963279, "lr": 1.2249998690094799e-05, "loss": -14.678550970741338, "Val_SNR": 9.602473258972168, "SNR": 14.67857837677002, "_runtime": 338614.68241739273, "val_loss": -9.602477299723219, "_step": 19}
