{"_step": 3, "loss": 25.617529599685668, "val_loss": 30.86615593276338, "Val_SNR": -30.86615562438965, "_timestamp": 1581644231.0873377, "_runtime": 19865.9055082798, "lr": 0.0005000000237487257, "SNR": -25.617807388305664, "UnSync-SNR": -42.151371002197266}
