{"loss": 2.971055794901997, "Val_SNR": -0.8995908498764038, "_runtime": 18604.15886902809, "lr": 0.0005000000237487257, "_timestamp": 1581576028.0862658, "SNR": -2.970903158187866, "_step": 0, "val_loss": 0.899590974527703}
