{"Val_SNR": 3.0046186447143555, "_step": 0, "val_loss": -3.0046192575952486, "SNR": 0.7521399259567261, "_timestamp": 1581615028.829016, "_runtime": 4664.029488325119, "loss": -0.7517956448178506, "lr": 0.0005000000237487257}
