{"Val_SNR": 12.42105770111084, "val_loss": -12.4210517850328, "_step": 22, "lr": 9.999999747378752e-05, "_timestamp": 1580107791.7621427, "loss": -13.580793722991944, "_runtime": 86909.28331017494, "SNR": 13.580795288085938}
