{"_step": 6, "lr": 0.0005000000237487257, "Val_SNR": 7.581645965576172, "SNR": 8.72232437133789, "_runtime": 14997.010754108429, "UnSync-SNR-hard": 6.94831657409668, "_timestamp": 1581941103.2179337, "val_loss": -7.581646183948079, "UnSync-SNR-easy": 7.321225643157959, "loss": -8.722067933063506}
