{"_runtime": 152711.07864499092, "_timestamp": 1580102289.309411, "lr": 9.999999747378752e-05, "_step": 19, "Val_SNR": -0.004418051335960627, "loss": 0.014662195950462456, "SNR": -0.014662074856460094, "val_loss": 0.0044180513865968805}
