{"lr": 0.0005000000237487257, "val_loss": -12.119864325858876, "SNR": 14.944957733154297, "_step": 43, "Val_SNR": 12.11986255645752, "_runtime": 45392.71733546257, "loss": -14.944742248268128, "_timestamp": 1581700945.756487, "UnSync-SNR": 11.603938102722168}
