{"loss": 22.250827935943605, "_timestamp": 1581647107.2603502, "lr": 0.0002500000118743628, "_step": 21, "_runtime": 23004.143152713776, "val_loss": 27.49352152476054, "SNR": -22.25077247619629, "Val_SNR": -27.49352264404297, "UnSync-SNR": -40.9985466003418}
