{"_timestamp": 1581618973.4633157, "_runtime": 173.46894454956055, "_step": 3, "SNR": -27.62225341796875, "val_loss": 34.7656346321106, "loss": 27.622251892089842, "Val_SNR": -34.76564025878906, "lr": 0.0005000000237487257, "UnSync-SNR": -43.2896842956543}
