{"lr": 9.999999747378752e-05, "_runtime": 198824.37211608887, "_step": 29, "SNR": 18.277414321899414, "Val_SNR": 17.86363410949707, "loss": -18.277422239761353, "val_loss": -17.86363563258597, "_timestamp": 1581350260.5825846}
