{"val_loss": 40.99719085693359, "_timestamp": 1581617862.2888298, "Val_SNR": -40.997196197509766, "lr": 0.0005000000237487257, "SNR": -39.78851318359375, "_runtime": 43.19183707237244, "loss": 39.78850758870443, "_step": 0}
