{"loss": -16.464344930267334, "lr": 9.999999747378752e-05, "Val_SNR": 15.94239616394043, "SNR": 16.464351654052734, "_timestamp": 1580018593.4572828, "val_loss": -15.942396633802577, "_runtime": 148452.30249023438, "_step": 19}
