{"SNR": -35.73765563964844, "_timestamp": 1581618011.034028, "_runtime": 122.26968193054199, "_step": 2, "loss": 35.73765576680501, "lr": 0.0005000000237487257, "Val_SNR": -39.94644546508789, "val_loss": 39.94644660949707, "UnSync-SNR": -42.676265716552734}
