{"_runtime": 2094.900835752487, "val_loss": 40.640494447506356, "Val_SNR": -40.64048767089844, "lr": 0.0005000000237487257, "_step": 1, "SNR": -38.46589660644531, "_timestamp": 1581621304.319006, "loss": 38.46571694717407, "UnSync-SNR": -43.94546127319336}
