{"SNR": 16.972280502319336, "loss": -16.972209827872994, "_runtime": 186905.16480469704, "_timestamp": 1579169725.8100662, "_step": 10, "Val_SNR": 17.55746078491211, "val_loss": -17.557460647948243, "lr": 9.999999747378752e-05}
