{"SNR": 19.18818473815918, "loss": -19.18818651236611, "_runtime": 339285.93570899963, "_timestamp": 1579322106.5809705, "_step": 19, "Val_SNR": 19.329830169677734, "val_loss": -19.329827805782887, "lr": 9.999999747378752e-05}
