{"val_loss": -8.845025217342757, "SNR": 9.657904624938965, "loss": -9.657686587734222, "_step": 5, "Val_SNR": 8.84502124786377, "_timestamp": 1581512562.8325303, "lr": 0.0005000000237487257, "_runtime": 53043.4227104187}
