{"loss": -3.1146165205830334, "_step": 1, "SNR": 3.114811658859253, "Val_SNR": NaN, "_runtime": 3998.2808368206024, "_timestamp": 1581528966.7151172, "val_loss": NaN, "lr": 0.0005000000237487257}
