{"SNR": 15.493568420410156, "loss": -15.493648364119064, "_runtime": 201358.536952734, "lr": 9.999999747378752e-05, "_timestamp": 1579484515.9618425, "val_loss": -15.621065939994569, "_step": 11, "Val_SNR": 15.621066093444824}
