{"_step": 0, "SNR": 1.6837708950042725, "val_loss": -3.783579320804621, "Val_SNR": 3.783579111099243, "_runtime": 10238.628410100937, "loss": -1.683484333642181, "_timestamp": 1578581775.4269598, "lr": 9.999999747378752e-05}
