{"_timestamp": 1581408790.4387052, "_runtime": 91363.65967011452, "Val_SNR": 15.244335174560547, "lr": 9.999999747378752e-05, "_step": 26, "SNR": 15.837920188903809, "val_loss": -15.244334214545312, "loss": -15.837922800292969}
