{"Val_SNR": 2.4762301445007324, "_timestamp": 1581482954.8319778, "lr": 0.0010000000474974513, "_step": 3, "loss": -4.626832505610883, "SNR": 4.627282619476318, "_runtime": 31181.103969097137, "val_loss": -2.4762310885460908}
