{"_runtime": 64347.310499191284, "_step": 59, "Val_SNR": 11.102490425109863, "val_loss": -11.102491977091082, "_timestamp": 1581759446.3742964, "loss": -16.001590615615847, "SNR": 16.001781463623047, "lr": 0.0005000000237487257, "UnSync-SNR-easy": 13.157794952392578, "UnSync-SNR-hard": 8.324562072753906}
