{"SNR": -12.383127212524414, "loss": 12.503369903564453, "val_loss": 11.065256818135579, "_step": 1, "_runtime": 83.85790014266968, "_timestamp": 1578512580.4069526, "Val_SNR": -11.06525707244873, "lr": 9.999999747378752e-05}
