{"_runtime": 23105.021463632584, "lr": 0.0005000000237487257, "_step": 2, "Val_SNR": 3.5125253200531006, "SNR": 3.166368007659912, "_timestamp": 1581457417.1847713, "val_loss": -3.512526143455144, "loss": -3.1659826175139845}
