{"_step": 3, "_timestamp": 1578632394.6286461, "loss": -8.125509899629357, "Val_SNR": 8.076407432556152, "SNR": 8.125509262084961, "lr": 9.999999747378752e-05, "val_loss": -8.076406662768505, "_runtime": 49577.0979912281}
