{"val_loss": -16.577423087613074, "_timestamp": 1581907082.236163, "SNR": 19.175601959228516, "loss": -19.17546477760315, "lr": 0.0002500000118743628, "_runtime": 146315.27681803703, "Val_SNR": 16.57741928100586, "_step": 35}
