{"Val_SNR": 13.744714736938477, "_timestamp": 1579411903.263609, "_step": 6, "lr": 9.999999747378752e-05, "val_loss": -13.74471047916945, "_runtime": 82768.0173933506, "SNR": 13.54224967956543, "loss": -13.542236614990351}
