{"SNR": 9.098165512084961, "loss": -9.098788009698566, "_runtime": 117098.12185835838, "Val_SNR": 0.11965980380773544, "val_loss": -0.11965985732485807, "_timestamp": 1581911982.2322462, "lr": 0.0005000000237487257, "UnSync-SNR-hard": -0.31265968084335327, "UnSync-SNR-easy": -0.1749398112297058, "_step": 11}
