{"SNR": 19.59349822998047, "lr": 0.0001250000059371814, "loss": -19.59328300048828, "Val_SNR": 17.070810317993164, "val_loss": -17.070807182860232, "_runtime": 80255.785094738, "_step": 39, "_timestamp": 1581610723.3236299}
