{"SNR": 9.415620803833008, "_runtime": 103211.68229198456, "_step": 5, "loss": -9.415614387418657, "Val_SNR": 9.296841621398926, "_timestamp": 1578615861.6015291, "val_loss": -9.296840113528232, "lr": 9.999999747378752e-05}
