{"_runtime": 35040.08646821976, "loss": -14.482806542932995, "SNR": 14.48271369934082, "_step": 2, "val_loss": -13.83620274701017, "_timestamp": 1579462361.425175, "Val_SNR": 13.836198806762695, "lr": 9.999999747378752e-05}
