{"loss": -12.561909612045287, "_step": 13, "_timestamp": 1581979467.7173889, "val_loss": -10.41642515863963, "SNR": 12.56210994720459, "UnSync-SNR-easy": 10.701033592224121, "Val_SNR": 10.416422843933105, "lr": 0.0005000000237487257, "UnSync-SNR-hard": 9.434235572814941, "_runtime": 29970.891816854477}
