{"loss": -17.400610198516844, "_step": 39, "_timestamp": 1582035174.2833407, "val_loss": -13.753422547053702, "SNR": 17.400833129882812, "UnSync-SNR-easy": 14.044001579284668, "Val_SNR": 13.753425598144531, "lr": 0.0001250000059371814, "UnSync-SNR-hard": 12.528238296508789, "_runtime": 85677.45776867867}
