{"val_loss": NaN, "_step": 19, "loss": -10.103851848265776, "Val_SNR": NaN, "SNR": 10.103841781616211, "_timestamp": 1578912453.9421144, "_runtime": 242005.67896008492, "lr": 1.8382652910986508e-07}
