{"_step": 6, "lr": 0.0005000000237487257, "_timestamp": 1581772724.4742858, "val_loss": -6.783240499908101, "_runtime": 71440.4974102974, "loss": -8.750707322587967, "Val_SNR": 6.783242702484131, "SNR": 8.750982284545898, "UnSync-SNR-hard": 5.857355117797852, "UnSync-SNR-easy": 7.327441215515137}
