{"loss": -11.13238127822876, "_timestamp": 1581692074.6788962, "lr": 0.0005000000237487257, "_step": 21, "Val_SNR": 7.832714557647705, "_runtime": 22991.285098075867, "val_loss": -7.832718961877737, "SNR": 11.13261890411377, "UnSync-SNR": 5.496028423309326}
