{"lr": 0.0005000000237487257, "loss": -2.2857271151371323, "_step": 0, "val_loss": -4.248125668265624, "SNR": 2.286072254180908, "_runtime": 2038.5103509426117, "_timestamp": 1581523635.59234, "Val_SNR": 4.248126983642578}
