{"val_loss": -9.669112096706074, "_step": 6, "lr": 0.0005000000237487257, "loss": -11.200156348361968, "Val_SNR": 9.669109344482422, "SNR": 11.200370788574219, "_timestamp": 1581608170.7184112, "_runtime": 70443.58912396431}
