{
    "_step": 0,
    "snr": 4.672227033557459,
    "_runtime": 57938.768261909485,
    "sdr": 5.070083750925734,
    "_timestamp": 1573401939.3517385
}
