{"_timestamp": 1581618479.7878428, "_step": 3, "_runtime": 174.23871731758118, "UnSync-SNR": -44.749393463134766, "lr": 0.0005000000237487257, "val_loss": 43.91183280944824, "SNR": -38.29365921020508, "Val_SNR": -43.911827087402344, "loss": 38.29366086324056}
