{"lr": 9.999999747378752e-05, "_timestamp": 1578668331.1458569, "_runtime": 24215.76601457596, "val_loss": NaN, "loss": -5.048558918822691, "_step": 1, "Val_SNR": NaN, "SNR": 5.048574924468994}
