{"val_loss": 0.22743370162687118, "SNR": -1.1656640768051147, "lr": 0.0005000000237487257, "loss": 1.1657515760866926, "_runtime": 10128.453163385391, "_step": 0, "Val_SNR": -0.22743359208106995, "_timestamp": 1581535716.2869518}
