{"lr": 9.999999747378752e-05, "_step": 10, "Val_SNR": 17.62886619567871, "val_loss": -17.628866751143274, "_runtime": 128466.08473110199, "loss": -17.395982618914662, "SNR": 17.39599609375, "_timestamp": 1579911654.147297}
