{"lr": 0.0005000000237487257, "loss": 33.663037872314455, "_runtime": 173.29948735237122, "SNR": -33.66303634643555, "val_loss": 40.47389259338379, "_step": 3, "_timestamp": 1581618789.2359047, "Val_SNR": -40.47389602661133, "UnSync-SNR": -42.858219146728516}
