{
    "lr": 9.999999747378752e-05,
    "_runtime": 200.6862235069275,
    "_timestamp": 1573456696.600699,
    "pesq": 1.057205070257187,
    "val_loss": 882.2008422851562,
    "_step": 1,
    "snr": -8.748660241851018,
    "loss": 942.2963500976563,
    "sdr": -6.133831829678729
}
