{"SNR": 8.047908782958984, "_runtime": 61596.43763113022, "_step": 11, "loss": -8.047641169516742, "Val_SNR": 7.286194324493408, "val_loss": -7.286198811257024, "_timestamp": 1581717085.504857, "lr": 0.0005000000237487257, "UnSync-SNR": 7.191071033477783}
